sku,name,images
BENS-RICE,Ben's Original Long Grain Rice,bens-long-grain-rice.jpg;bens-long-grain-rice-2.jpg
BENS-TIKKA,Ben's Original Tikka Masala Sauce,bens-tikka.jpg
BENS-KORMA,Ben's Original Korma Sauce,bens-korma.jpg
CENTRA-TIKKA,Centra Tikka Masala Sauce,centra-tikka-masala.jpg
CENTRA-MED-CURRY,Centra Medium Curry Sauce,centra-medium-curry.jpg
MCD-SLIMMERS,McDonnells Slimmers Curry Sauce,mcdonnells-slimmers-curry.jpg
BISTO-BEST,Bisto Best Gravy,bisto-best-gravy.jpg
BISTO-GRAVY,Bisto Gravy Granules,bisto-gravy-granules.jpg
BISTO-CHICKEN,Bisto Chicken Gravy Granules,bisto-chicken-gravy.jpg
KNORR-AROMAT,Knorr Aromat Seasoning,knorr-aromat.jpg
KNORR-BEEF-CUBES,Knorr Beef Stock Cubes,knorr-beef-stock.jpg
KNORR-CHICKEN-CUBES,Knorr Chicken Stock Cubes,knorr-chicken-stock.jpg
JO-GREEN-PESTO,Jamie Oliver Green Pesto,jamie-oliver-green-pesto.jpg
JO-RED-PESTO,Jamie Oliver Red Pesto,jamie-oliver-red-pesto.jpg
NAPOLINA-PESTO,Napolina Green Pesto,napolina-pesto.jpg
LOYD-TOMATO,Loyd Grossman Tomato & Basil Sauce,loyd-grossman-tomato.jpg
ERIN-PEPPER,Erin Pepper Sauce,erin-pepper-sauce.jpg
ERIN-MUSHROOM,Erin Mushroom Sauce,erin-mushroom-sauce.jpg
KNORR-WHITE,Knorr White Sauce Mix,knorr-white-sauce.jpg
KNORR-PEPPER,Knorr Pepper Sauce Mix,knorr-pepper-sauce.jpg
KNORR-MED-CURRY,Knorr Medium Curry Mix,knorr-medium-curry.jpg
KNORR-CHEESE,Knorr Cheese Sauce Mix,knorr-cheese-sauce.jpg
KNORR-CARBONARA,Knorr Carbonara Sauce Mix,knorr-carbonara-sauce.jpg
KNORR-BEEF-CASS,Knorr Beef Casserole Mix,knorr-beef-casserole.jpg
KNORR-SHEPHERDS,Knorr Shepherd's Pie Mix,knorr-shepherds-pie.jpg
BRANSTON-PICKLE,Branston Original Pickle,branston-original-pickle.jpg
BRANSTON-ONIONS,Branston Silverskin Onions,branston-silverskin-onions.jpg
HAYWARDS-GHERKINS,Haywards Sweet Gherkins,haywards-sweet-gherkins.jpg
HAYWARDS-CHILLIES,Haywards Sweet Chillies,haywards-sweet-chillies.jpg
CHEF-SLICED-PICKLES,Chef Sliced Pickles,chef-sliced-pickles.jpg
OEP-TACO,Old El Paso Taco Seasoning Mix,old-el-paso-taco.jpg;old-el-paso-taco-2.jpg
OEP-FAJITA,Old El Paso Fajita Seasoning Mix,old-el-paso-fajita.jpg
ABBA-GARLIC,Abba Garlic Sauce,abba-garlic.jpg;abba-garlic-2.jpg
ABBA-TACO,Abba Taco Sauce,abba-taco.jpg
HEINZ-KETCHUP,Heinz Tomato Ketchup,heinz-tomato-ketchup.jpg;heinz-tomato-ketchup-2.jpg
CHEF-KETCHUP,Chef Tomato Ketchup 50% Extra Free,chef-tomato-ketchup.jpg;chef-tomato-ketchup-2.jpg
HEINZ-SAUCY,Heinz Saucy Sauce,heinz-saucy-sauce.jpg
HEINZ-KETCHUP-RS,Heinz Tomato Ketchup Reduced Sugar,heinz-ketchup-reduced-sugar.jpg;heinz-ketchup-reduced-sugar-2.jpg
CHEF-BROWN,Chef Brown Sauce 50% Extra Free,chef-brown-sauce.jpg;chef-brown-sauce-2.jpg
CHEF-SALAD-CREAM,Chef Salad Cream,chef-salad-cream.jpg
HP-SAUCE,HP Brown Sauce,hp-sauce.jpg
BARILLA-PENNE,Barilla Penne Rigate,barilla-penne-rigate.jpg;barilla-penne-rigate-2.jpg
BARILLA-FUSILLI,Barilla Fusilli,barilla-fusilli.jpg
BARILLA-MACARONI,Barilla Macaroni,barilla-macaroni.jpg;barilla-macaroni-2.jpg
CENTRA-LASAGNE,Centra Lasagne Sheets,centra-lasagne-sheets.jpg;centra-lasagne-sheets-2.jpg
CENTRA-SPAGHETTI,Centra Spaghetti,centra-spaghetti.jpg
HELLMANNS-REAL-JAR,Hellmann's Real Mayonnaise Jar,hellmanns-real-jar.jpg
HELLMANNS-LIGHT-JAR,Hellmann's Light Mayonnaise Jar,hellmanns-light-jar.jpg
HELLMANNS-REAL-SQ,Hellmann's Real Mayonnaise Squeezy,hellmanns-real-squeezy.jpg
HELLMANNS-LIGHT-SQ,Hellmann's Light Mayonnaise Squeezy,hellmanns-light-squeezy.jpg
HELLMANNS-GARLIC,Hellmann's Garlic Mayonnaise,hellmanns-garlic.jpg
MAGGI-CHICKEN,Maggi Chicken Stock Cubes,maggi-chicken-stock.jpg;maggi-chicken-stock-2.jpg
MAGGI-VEG,Maggi Vegetable Stock Cubes,maggi-vegetable-stock.jpg
NAPOLINA-CHOPPED,Napolina Chopped Tomatoes,napolina-chopped-tomatoes.jpg;napolina-chopped-tomatoes-2.jpg
NAPOLINA-PLUM,Napolina Plum Tomatoes,napolina-plum-tomatoes.jpg
NAPOLINA-PASSATA,Napolina Tomato Passata,napolina-passata.jpg
MAZOLA,Mazola Vegetable Oil,mazola.jpg;mazola-2.jpg
FLORA-ORIGINAL,Flora Original,flora-original.jpg;flora-original-2.jpg
FLORA-LIGHT,Flora Light,flora-light.jpg;flora-light-2.jpg
BERTOLLI-EV,Bertolli Extra Virgin Olive Oil,bertolli-extra-virgin.jpg
CARAPELLI-CLASSICO,Carapelli Classico Olive Oil,carapelli-classico.jpg
